section id,recording id,recording name,wearer id,wearer name,section start time [ns],section end time [ns],start event name,end event name
03f5e7ab-ae7e-4fbf-8b55-3598fa05946f,23a946c9-f72a-4b26-8ddb-200fcf5c8f0b,Olga,04db597d-e65a-422e-b935-fdf692cfd6f8,Cokolwiek,1712241028648605000,1712241034655339000,p4_start,p4_stop
b69cd2e5-11c3-4bd4-915f-47363aa61425,3c19e00a-35d9-4569-a8f2-91c7c26330f0,Julian Wyginam Śmiało Ciało,04db597d-e65a-422e-b935-fdf692cfd6f8,Cokolwiek,1712241228805739000,1712241236796465000,p4_start,p4_stop
243d733f-4283-43f0-b726-190f7de3f504,5ac9935d-2834-4077-b62e-96050c09e3b4,Ulalalua,04db597d-e65a-422e-b935-fdf692cfd6f8,Cokolwiek,1712240321315264000,1712240347157131000,p4_start,p4_stop
d34d8041-b595-4baa-8908-a500e177d37d,67689e80-cc01-46a8-962c-15882ac9c486,Zosia,04db597d-e65a-422e-b935-fdf692cfd6f8,Cokolwiek,1712240811486000000,1712240817714036000,p4_start,p4_stop
84193174-16c6-4d65-93bf-e874fecd04c2,fb689be6-5cee-4f1f-bb56-b21e9ed89ca8,Asia Kasia hihi,04db597d-e65a-422e-b935-fdf692cfd6f8,Cokolwiek,1712241426013888000,1712241428401321000,p4_start,p4_stop
