section id,recording id,recording name,wearer id,wearer name,section start time [ns],section end time [ns],start event name,end event name
65dd2f4d-6cef-4115-9203-4363d3a52480,23a946c9-f72a-4b26-8ddb-200fcf5c8f0b,Olga,04db597d-e65a-422e-b935-fdf692cfd6f8,Cokolwiek,1712241040032022000,1712241043212317000,p5_start,p5_stop
6fc00b8e-e8f2-461e-a9e2-8a4beaaac025,3c19e00a-35d9-4569-a8f2-91c7c26330f0,Julian Wyginam Śmiało Ciało,04db597d-e65a-422e-b935-fdf692cfd6f8,Cokolwiek,1712241247030401000,1712241250718479000,p5_start,p5_stop
abd520f1-5240-4c94-a2fb-98f3549e7712,5ac9935d-2834-4077-b62e-96050c09e3b4,Ulalalua,04db597d-e65a-422e-b935-fdf692cfd6f8,Cokolwiek,1712240351442650000,1712240362441999000,p5_start,p5_stop
a0c4e012-b51d-4ddc-9769-061269bfbb0e,67689e80-cc01-46a8-962c-15882ac9c486,Zosia,04db597d-e65a-422e-b935-fdf692cfd6f8,Cokolwiek,1712240820509131000,1712240822993341000,p5_start,p5_stop
e2e75004-0b06-4ba5-a49d-398b43b21220,fb689be6-5cee-4f1f-bb56-b21e9ed89ca8,Asia Kasia hihi,04db597d-e65a-422e-b935-fdf692cfd6f8,Cokolwiek,1712241431778016000,1712241436514614000,p5_start,p5_stop
