section id,recording id,recording name,wearer id,wearer name,section start time [ns],section end time [ns],start event name,end event name
cd4c93cb-8f63-4c3b-a94d-988de86070b9,23a946c9-f72a-4b26-8ddb-200fcf5c8f0b,Olga,04db597d-e65a-422e-b935-fdf692cfd6f8,Cokolwiek,1712241045325733000,1712241051792058000,p6_start,p6_stop
ad11a24b-af71-43d8-b7e3-3510eb756a51,3c19e00a-35d9-4569-a8f2-91c7c26330f0,Julian Wyginam Śmiało Ciało,04db597d-e65a-422e-b935-fdf692cfd6f8,Cokolwiek,1712241255674474000,1712241261058586000,p6_start,p6_stop
f6ee00b8-cd23-4424-96ac-da33b1ff2ec9,5ac9935d-2834-4077-b62e-96050c09e3b4,Ulalalua,04db597d-e65a-422e-b935-fdf692cfd6f8,Cokolwiek,1712240367727712000,1712240382141078000,p6_start,p6_stop
f546131e-f762-4be4-88e4-5a383a0e2b69,67689e80-cc01-46a8-962c-15882ac9c486,Zosia,04db597d-e65a-422e-b935-fdf692cfd6f8,Cokolwiek,1712240825087214000,1712240838464539000,p6_start,p6_stop
458868d6-30a9-44e0-aa1b-0b1611cd436c,fb689be6-5cee-4f1f-bb56-b21e9ed89ca8,Asia Kasia hihi,04db597d-e65a-422e-b935-fdf692cfd6f8,Cokolwiek,1712241440762930000,1712241451370185000,p6_start,p6_stop
