section id,recording id,recording name,wearer id,wearer name,section start time [ns],section end time [ns],start event name,end event name
d876d67a-263c-4c92-8164-eba1045a2671,23a946c9-f72a-4b26-8ddb-200fcf5c8f0b,Olga,04db597d-e65a-422e-b935-fdf692cfd6f8,Cokolwiek,1712241021330280000,1712241026470204000,p3_start,p3_stop
261df60c-6470-4ecb-ae10-0766ce2b85ee,3c19e00a-35d9-4569-a8f2-91c7c26330f0,Julian Wyginam Śmiało Ciało,04db597d-e65a-422e-b935-fdf692cfd6f8,Cokolwiek,1712241213202152000,1712241224058482000,p3_start,p3_stop
23e2b2e0-af41-474a-b965-f07b6f4ee3ff,5ac9935d-2834-4077-b62e-96050c09e3b4,Ulalalua,04db597d-e65a-422e-b935-fdf692cfd6f8,Cokolwiek,1712240288747078000,1712240317097673000,p3_start,p3_stop
f1c364bc-3f4f-429c-a745-aa0f9d9014cb,67689e80-cc01-46a8-962c-15882ac9c486,Zosia,04db597d-e65a-422e-b935-fdf692cfd6f8,Cokolwiek,1712240804554582000,1712240809125138000,p3_start,p3_stop
1070fc1e-9a70-4e19-ac58-a766719a1153,fb689be6-5cee-4f1f-bb56-b21e9ed89ca8,Asia Kasia hihi,04db597d-e65a-422e-b935-fdf692cfd6f8,Cokolwiek,1712241419844595000,1712241422275688000,p3_start,p3_stop
