section id,recording id,recording name,wearer id,wearer name,section start time [ns],section end time [ns],start event name,end event name
40d17802-67a0-4c18-9f2c-cc7c66872208,23a946c9-f72a-4b26-8ddb-200fcf5c8f0b,Olga,04db597d-e65a-422e-b935-fdf692cfd6f8,Cokolwiek,1712241016880028000,1712241019740225000,p2_start,p2_stop
ae0e5f79-1030-490b-8c58-fed8b5e1e863,3c19e00a-35d9-4569-a8f2-91c7c26330f0,Julian Wyginam Śmiało Ciało,04db597d-e65a-422e-b935-fdf692cfd6f8,Cokolwiek,1712241208894722000,1712241209248648000,p2_start,p2_stop
d1055b06-2256-49dd-8f9d-514004d55d57,5ac9935d-2834-4077-b62e-96050c09e3b4,Ulalalua,04db597d-e65a-422e-b935-fdf692cfd6f8,Cokolwiek,1712240283885962000,1712240285755343000,p2_start,p2_stop
dd512b67-107f-47da-8b8c-857cb5fb8fc3,67689e80-cc01-46a8-962c-15882ac9c486,Zosia,04db597d-e65a-422e-b935-fdf692cfd6f8,Cokolwiek,1712240797604467000,1712240802624318000,p2_start,p2_stop
52ce95e9-3a4c-4f10-8d4f-25b345b59b9b,fb689be6-5cee-4f1f-bb56-b21e9ed89ca8,Asia Kasia hihi,04db597d-e65a-422e-b935-fdf692cfd6f8,Cokolwiek,1712241415174872000,1712241416528163000,p2_start,p2_stop
