section id,recording id,recording name,wearer id,wearer name,section start time [ns],section end time [ns],start event name,end event name
effd8f28-5633-4bf9-851b-d4cb1c7c9e55,23a946c9-f72a-4b26-8ddb-200fcf5c8f0b,Olga,04db597d-e65a-422e-b935-fdf692cfd6f8,Cokolwiek,1712241005756694000,1712241014359284000,p1_start,p1_stop
307a70b5-06e1-468b-9d64-9da6f66fb695,3c19e00a-35d9-4569-a8f2-91c7c26330f0,Julian Wyginam Śmiało Ciało,04db597d-e65a-422e-b935-fdf692cfd6f8,Cokolwiek,1712241202974156000,1712241205842197000,p1_start,p1_stop
d943e581-97bb-4970-906b-84fd927c3bce,5ac9935d-2834-4077-b62e-96050c09e3b4,Ulalalua,04db597d-e65a-422e-b935-fdf692cfd6f8,Cokolwiek,1712240271552513000,1712240279727722000,p1_start,p1_stop
025c8f34-70a6-4cd7-b444-216fa5886a87,67689e80-cc01-46a8-962c-15882ac9c486,Zosia,04db597d-e65a-422e-b935-fdf692cfd6f8,Cokolwiek,1712240791457862000,1712240794956321000,p1_start,p1_stop
b5b4a075-cf13-4cea-9b7e-cb582201ed1b,fb689be6-5cee-4f1f-bb56-b21e9ed89ca8,Asia Kasia hihi,04db597d-e65a-422e-b935-fdf692cfd6f8,Cokolwiek,1712241411450268000,1712241412650765000,p1_start,p1_stop
